GdnHCl (M),k
0,11.47866391
0.0981495,8.126091031
0.20704,5.420185283
0.294275,4.754207427
0.403241,3.572015492
0.497661,2.715996714
0.60662,2.016481175
0.991707,0.825175655
1.49322,0.337607939
2.98489,0.328828152
3.49461,0.588752139
3.99712,1.159475793
4.49952,1.910020548
5.00918,3.109120846
5.49711,5.838477145