GdnHCl (M),k
0,60.77508993
0.0562106,49.63518712
0.107581,46.20925025
0.202968,39.57746933
0.298379,35.12980797
0.393667,25.77383938
0.481778,24.57156795
0.591818,19.82849412
0.569667,16.58634887
0.995296,9.031423534
1.49412,3.280382397
2.00765,1.234772818
2.51388,0.493296927
3.0054,0.194745831
5.00276,0.083351389
5.49529,0.156518667
5.98788,0.315678812
6.49506,0.551911815
7.0023,1.061342801